Company,Domain,ESG Link
Walmart, https://walmart.com, https://corporate.walmart.com/esgreport/
Amazon, www.amazon.com, https://sustainability.aboutamazon.com/
Apple, www.apple.com, https://investor.apple.com/esg/default.aspx
CVS Health, https://www.cvshealth.com, https://www.cvshealth.com/impact/esg-reports.html
UnitedHealth Group, www.unitedhealthgroup.com, https://sustainability.uhg.com/
Exxon Mobil, www.exxonmobil.com, https://investor.exxonmobil.com/esg
Berkshire Hathaway, www.berkshirehathaway.com, https://www.berkshirehathaway.com/sustainability/sustainability.html
Alphabet, https://www.abc.xyz, http://abc.xyz/investor/esg
McKesson, www.mckesson.com, https://www.mckesson.com/About-McKesson/Impact/
AmerisourceBergen, www.amerisourcebergen.com, https://investor.amerisourcebergen.com/governance/esg/default.aspx
Costco Wholesale, www.costco.com, https://www.costco.com/sustainability-governance-reporting.html
Cigna, https://www.cigna.com, https://www.cigna.com/about-us/corporate-responsibility/environmental-policy-statement
AT&T, www.att.com, https://sustainability.att.com/
Microsoft, www.microsoft.com, https://www.microsoft.com/en-us/corporate-responsibility/sustainability
Cardinal Health, www.cardinalhealth.com, https://www.cardinalhealth.com/en/about-us/environmental-social-governance.html
Chevron, www.chevron.com, https://www.chevron.com/sustainability
Home Depot, www.homedepot.com, https://ir.homedepot.com/esg-investors
Walgreens Boots Alliance, www.walgreensbootsalliance.com, https://www.walgreensbootsalliance.com/environmental-social-governance
Marathon Petroleum, www.marathonpetroleum.com, https://www.marathonpetroleum.com/Sustainability/
Elevance Health, www.elevancehealth.com, https://www.elevancehealth.com/who-we-are/corporate-responsibility/environmental-sustainability
Kroger, www.thekrogerco.com ~~ kroger.com, https://www.thekrogerco.com/esgreport/
Ford Motor, www.ford.com, https://shareholder.ford.com/investors/esg/default.aspx
Verizon Communications, www.verizon.com, https://www.verizon.com/about/investors/esg-resources-hub
JPMorgan Chase, www.jpmorganchase.com, https://www.jpmorganchase.com/about/governance/esg
General Motors, www.gm.com, https://investor.gm.com/esg
Centene, www.centene.com, https://investors.centene.com/esg
Meta Platforms, https://www.meta.com/ ~~ https://investor.fb.com, https://investor.fb.com/esg-resources/default.aspx
Comcast, https://www.xfinity.com/ ~~ www.comcastcorporation.com, https://www.cmcsa.com/esg-reporting
Phillips 66, www.phillips66.com, https://www.phillips66.com/sustainability/esg-library/
Valero Energy, www.valero.com, https://investorvalero.com/esg/default.aspx
Dell Technologies, https://www.dell.com ~~ www.delltechnologies.com, https://www.dell.com/en-us/dt/corporate/social-impact.htm
Target, www.target.com, https://corporate.target.com/sustainability-ESG
Fannie Mae, www.fanniemae.com, https://www.fanniemae.com/about-us/esg
United Parcel Service, www.ups.com, https://investors.ups.com/sustainability
Lowe's, www.lowes.com, https://corporate.lowes.com/our-responsibilities/corporate-responsibility-reports-policies
Bank of America, www.bankofamerica.com, https://about.bankofamerica.com/en/making-an-impact/esg-reports
Johnson & Johnson, www.jnj.com, https://www.jnj.com/esg-resources
Archer Daniels Midland, www.adm.com, https://investors.adm.com/sustainability/default.aspx
FedEx, www.fedex.com, https://investors.fedex.com/esg/default.aspx
Humana, www.humana.com, https://www.humana.com/about/impact
Wells Fargo, www.wellsfargo.com, https://www.wellsfargo.com/about/corporate-responsibility/
State Farm Insurance, www.statefarm.com, https://esg.statefarm.com/
Pfizer, www.pfizer.com, https://www.pfizer.com/about/responsibility/environmental-sustainability
Citigroup, https://www.citi.com ~~ www.citigroup.com, https://www.citigroup.com/global/investors/esg-for-investors
PepsiCo, https://www.pepsi.com ~~ www.pepsico.com, https://www.pepsico.com/our-impact/sustainability/esg-summary
Intel, www.intel.com, https://www.intc.com/esg
Procter & Gamble, www.pg.com, https://www.pginvestor.com/esg/esg-overview/
General Electric, www.ge.com, https://www.ge.com/sustainability
IBM, https://www.ibm.com, https://www.ibm.com/investor/governance
MetLife, www.metlife.com, https://www.metlife.com/sustainability/
Prudential Financial, www.prudential.com, https://www.prudentialesg.com/sustainability/default.aspx
Albertsons, https://www.albertsons.com/ ~~ www.albertsonscompanies.com, https://www.albertsonscompanies.com/our-impact/esg-reports-news/default.aspx
Walt Disney, https://disney.com ~~ www.thewaltdisneycompany.com, https://impact.disney.com/esg-reporting/
Energy Transfer, www.energytransfer.com, https://www.energytransfer.com/corporate-responsibility/
Lockheed Martin, www.lockheedmartin.com, https://sustainability.lockheedmartin.com/sustainability/esg-portal/
Freddie Mac, www.freddiemac.com, https://www.freddiemac.com/about/esg
Goldman Sachs Group, www.goldmansachs.com, https://www.goldmansachs.com/investor-relations/corporate-governance/sustainability-reporting/
Raytheon Technologies, www.rtx.com, https://www.rtx.com/our-responsibility/our-esg-strategy
HP, www.hp.com, https://www.hp.com/us-en/sustainable-impact.html
Boeing, www.boeing.com, https://www.boeing.com/principles/sustainability/index.page
Morgan Stanley, www.morganstanley.com, https://www.morganstanley.com/about-us/corp-sustainability/
HCA Healthcare, www.hcahealthcare.com, https://www.hcahealthcareimpact.com/community/sustainability-initiatives/
AbbVie, www.abbvie.com, https://www.abbvie.com/sustainability/environmental-social-and-governance.html
Dow, www.dow.com, https://investors.dow.com/en/esg-resources/default.aspx
Tesla, www.tesla.com, https://www.tesla.com/impact
Allstate, www.allstate.com, https://www.allstatesustainability.com/
American International Group, www.aig.com, https://www.aig.com/home/about#
Best Buy, https://bestbuy.com ~~ www.investors.bestbuy.com, https://corporate.bestbuy.com/sustainability/
Charter Communications, www.charter.com, https://corporate.charter.com/esg-report
Sysco, www.sysco.com, https://www.sysco.com/Sustainability/Corporate-Social-Responsibility.html
Merck, https://www.merck.com, https://www.merck.com/company-overview/esg/
New York Life Insurance, www.newyorklife.com, https://www.newyorklife.com/about/privacy/environmental-sustainability-policy-statement
Caterpillar, www.caterpillar.com, https://www.caterpillar.com/en/company/sustainability.html
Cisco, www.cisco.com, https://www.cisco.com/c/m/en_us/about/csr/esg-hub.html
TJX, www.tjx.com, https://www.tjx.com/responsibility/
Publix Super Markets, www.publix.com, https://corporate.publix.com/newsroom/category/environmental-social-and-governance
ConocoPhillips, www.conocophillips.com, https://www.conocophillips.com/sustainability/
Liberty Mutual Insurance Group, www.libertymutual.com, https://www.libertymutualgroup.com/about-lm/corporate-information/sustainability/corporate-sustainability
Progressive, www.progressive.com, https://investors.progressive.com/sustainability-reports/default.aspx
Nationwide, www.nationwide.com, https://www.nationwide.com/cps/corporate-sustainability/index.html
Tyson Foods, www.tysonfoods.com, https://www.tysonsustainability.com/
Bristol-Myers Squibb, www.bms.com, https://www.bms.com/about-us/sustainability.html
Nike, www.nike.com, https://www.nike.com/sustainability
Deere, www.deere.com, https://www.deere.com/en/our-company/sustainability/
American Express, www.americanexpress.com, https://www.americanexpress.com/en-us/company/corporate-sustainability/ESG/
Abbott Laboratories, www.abbott.com, https://www.abbott.com/responsibility/sustainability.html
StoneX Group, www.stonex.com, https://ir.stonex.com/corporate-governance
Plains GP Holdings, www.plains.com, https://www.plains.com/sustainability
Enterprise Products Partners, www.enterpriseproducts.com, https://www.enterpriseproducts.com/safety-sustainability/environmental-social-governance/
TIAA, www.tiaa.org, https://www.tiaa.org/public/about-tiaa/how-we-help/corporate-governance-accountability
Oracle, www.oracle.com, https://www.oracle.com/sustainability/
Thermo Fisher Scientific, https://www.thermofisher.com, https://corporate.thermofisher.com/content/tfcorpsite/us/en/index/corporate-social-responsibility.html
Coca-Cola, www.coca-colacompany.com, https://www.coca-colacompany.com/sustainability
General Dynamics, www.gd.com, https://www.gdit.com/about-gdit/sustainability/
CHS, www.chsinc.com, https://www.chsinc.com/about-chs/sustainability
USAA, www.usaa.com, https://www.usaa.com/inet/wc/about-usaa-environmental-commitment
Northwestern Mutual, www.northwesternmutual.com, https://www.northwesternmutual.com/who-we-are/sustainability-report/
Nucor, www.nucor.com, https://nucor.com/esg
Exelon, www.exeloncorp.com, https://investors.exeloncorp.com/esg
Massachusetts Mutual Life Insurance, www.massmutual.com, https://www.massmutual.com/sustainability
Northrop Grumman, www.northropgrumman.com, https://www.northropgrumman.com/corporate-responsibility/esg-reports/
3M, www.3m.com, https://www.3m.com/3M/en_US/sustainability-us/
Travelers, www.travelers.com, https://sustainability.travelers.com/
Arrow Electronics, www.arrow.com, https://www.arrow.com/company/purpose/environmental-social-governance
Honeywell International, www.honeywell.com, https://www.honeywell.com/us/en/company/esg-report
Dollar General, www.dollargeneral.com, https://www.dollargeneral.com/about-us/corporate-social-responsibility
Qualcomm, https://www.qualcomm.com, https://www.qualcomm.com/company/corporate-responsibility
Capital One Financial, www.capitalone.com, https://www.capitalone.com/about/our-commitments/
TD Synnex, www.tdsynnex.com, https://www.tdsynnex.com/us/en/about-us/corporate-citizenship.html
Philip Morris International, www.pmi.com, https://www.pmi.com/sustainability
World Fuel Services, www.wfscorp.com, https://www.wfscorp.com/our-sustainability-approach/our-esg-strategy
Performance Food Group, www.pfgc.com, https://www.pfgc.com/Corporate-Responsibility
Delta Air Lines, www.delta.com, https://www.delta.com/us/en/about-delta/sustainability
American Airlines Group, www.aa.com, https://news.aa.com/esg/
Netflix, www.netflix.com, https://ir.netflix.net/governance/ESG/default.aspx
Paramount Global, www.paramount.com, https://www.paramount.com/sustainability
US Food Holdings, https://usfoods.com, https://www.usfoods.com/about-us-foods/corporate-social-responsibility.html
Danaher, https://www.danaher.com, https://www.danaher.com/sustainability
Jabil, www.jabil.com, https://investors.jabil.com/esg/sustainability-policy/default.aspx
Starbucks, www.starbucks.com, https://www.starbucks.com/responsibility/reporting-hub/
Mondelez International, www.mondelezinternational.com, https://www.mondelezinternational.com/Snacking-Made-Right/ESG-at-MDLZ
Eli Lilly, https://www.lilly.com, https://www.esg.lilly.com/
Hewlett Packard Enterprise, https://www.hpe.com, https://www.hpe.com/us/en/living-progress/report.html
D.R. Horton, https://www.drhorton.com, https://investor.drhorton.com/corporate-governance/esg-statement
Molina Healthcare, https://www.molinahealthcare.com, https://investors.molinahealthcare.com/corporate-governance/esg-reports-and-resources
CBRE Group, https://www.cbre.com, https://www.cbre.com/about-us/corporate-responsibility
Micron Technology, https://www.micron.com, https://www.micron.com/about/our-commitment/operating-thoughtfully/sustainability
Broadcom, https://www.broadcom.com, https://www.broadcom.com/company/citizenship
Gilead Sciences, https://www.gilead.com, https://www.gilead.com/purpose/esg
PBF Energy, https://www.pbfenergy.com, https://www.pbfenergy.com/esg/
Lennar, https://www.lennar.com, https://investors.lennar.com/corporate-governance/leadership
United Natural Foods, https://www.unfi.com, https://www.betterforall.unfi.com/
NRG Energy, https://www.nrg.com, https://www.nrg.com/sustainability/reporting.html
Nvidia, https://www.nvidia.com, https://www.nvidia.com/en-us/csr/
Occidental Petroleum, https://www.oxy.com, https://www.oxy.com/sustainability/
Salesforce, https://www.salesforce.com, https://www.salesforce.com/company/sustainability/
Dollar Tree, https://www.dollartree.com, https://corporate.dollartree.com/investors/esg
KKR, https://www.kkr.com, https://www.kkr.com/responsibility/citizenship
Kraft Heinz, https://www.kraftheinzcompany.com, https://www.kraftheinzcompany.com/esg/index.html
Amgen, https://www.amgen.com, https://www.amgen.com/responsibility
AutoNation, https://www.autonation.com, https://www.autonation.com/our-purpose/sustainability
Penske Automotive Group, https://www.penskeautomotive.com, https://www.penskeautomotive.com/esg/default.aspx
PayPal, https://www.paypal.com, https://investor.pypl.com/esg-strategy/default.aspx
Macy's, https://www.macys.com/, https://www.macysinc.com/purpose/sustainability/esg-resources-reports/default.aspx
Duke Energy, https://www.duke-energy.com, https://sustainablesolutions.duke-energy.com/about/esg/
United Airlines Holdings, https://www.united.com, https://www.united.com/ual/en/us/fly/company/global-citizenship/environment.html
Visa, https://www.visa.com, https://usa.visa.com/about-visa/esg.html
Rite Aid, https://www.riteaid.com, https://investors.riteaid.com/sustainability/default.aspx
Cummins, https://www.cummins.com, https://investor.cummins.com/board-esg
Paccar, https://www.paccar.com, https://www.paccar.com/about-us/environmental-social-and-governance/
McDonald's, https://www.mcdonalds.com/ ~~ https://www.investor.mcdonalds.com, https://corporate.mcdonalds.com/corpmcd/our-purpose-and-impact/impact-strategy-and-reporting/performance-reports.html
Southern, https://www.southerncompany.com, https://investor.southerncompany.com/esg/sustainability-esg/default.aspx
C.H. Robinson Worldwide, https://www.chrobinson.com, https://www.chrobinson.com/en-us/about-us/corporate-responsibility/esg/
Truist Financial, https://www.truist.com, https://ir.truist.com/corporate-social-responsibility
Applied Materials, https://www.appliedmaterials.com, https://www.appliedmaterials.com/us/en/corporate-responsibility.html
Freeport-McMoRan, https://www.fcx.com, https://www.fcx.com/sustainability
Lithia Motors, https://www.lithia.com/ ~~ https://www.lithiainvestorrelations.com, https://responsibility.lithiadriveway.com/
Blackstone, https://www.blackstone.com, https://www.blackstone.com/our-impact/an-integrated-approach-to-esg/
Hartford Financial Services Group, https://www.thehartford.com, https://www.thehartford.com/about-us/corporate-sustainability
Aflac, https://www.aflac.com, https://investors.aflac.com/Sustainability/default.aspx
Whirlpool, https://www.whirlpoolcorp.com, https://investors.whirlpoolcorp.com/why-invest/environmental-social-governance-overview/default.aspx
Union Pacific, https://www.up.com, https://www.up.com/aboutup/esg/index.htm
International Paper, https://www.internationalpaper.com, https://www.internationalpaper.com/sustainability
Altria Group, https://www.altria.com, https://www.altria.com/responsibility/
CDW, https://www.cdw.com, https://www.cdw.com/content/cdw/en/about/overview/esg.html.html
ManpowerGroup, https://www.manpowergroup.com, https://www.manpowergroup.co.uk/about-manpowergroup/environment-social-and-governance/
PG&E, https://pge.com ~~ https://www.pgecorp.com, https://www.pgecorp.com/corp/responsibility-sustainability/corporate-responsibility-sustainability.page
Carrier Global, https://carrier.com ~~ https://www.corporate.carrier.com, https://www.corporate.carrier.com/corporate-responsibility
Baker Hughes, https://www.bakerhughes.com, https://www.bakerhughes.com/company/corporate-responsibility
Cleveland-Cliffs, https://www.clevelandcliffs.com, https://www.clevelandcliffs.com/sustainability
United States Steel, https://www.ussteel.com, https://investors.ussteel.com/esg
Becton Dickinson, https://www.bd.com, https://investors.bd.com/esg/sustainability
CarMax, www.carmax.com, https://socialresponsibility.carmax.com/
Sherwin-Williams, https://www.sherwin-williams.com, https://investors.sherwin-williams.com/environmental-social-and-governance/default.aspx
Builders FirstSource, https://www.bldr.com, https://investors.bldr.com/ESG/
Marsh & McLennan, https://www.marshmclennan.com, https://www.marshmclennan.com/about/esg.html
PNC Financial Services Group, https://www.pnc.com, https://www.pnc.com/en/about-pnc/corporate-responsibility/corporate-social-responsibility.html
Lumen Technologies, https://www.lumen.com, https://ir.lumen.com/esg/default.aspx
Avnet, https://www.avnet.com, https://www.avnet.com/wps/portal/us/about-avnet/corporate-social-responsibility/overview/
Tenet Healthcare, https://www.tenethealth.com, https://www.tenethealth.com/about/environmental-sustainability
Kimberly-Clark, https://www.kimberly-clark.com, https://www.kimberly-clark.com/en-us/esg
Kohl's, https://www.kohls.com, https://investors.kohls.com/esg/overview/default.aspx
BlackRock, https://www.blackrock.com, https://www.blackrock.com/corporate/sustainability
Jones Lang LaSalle, https://www.jll.com, https://www.joneslanglasalle.com.cn/en/about-jll/our-sustainability-leadership
Lear, https://www.lear.com, https://www.lear.com/sustainability
Lincoln National, https://www.lfg.com, https://www.lincolnfinancial.com/public/aboutus/companyoverview/ourstrategy/corporateresponsibility
Charles Schwab, https://www.schwab.com/ ~~ https://www.aboutschwab.com, https://www.aboutschwab.com/environmental-stewardship
Ross Stores, https://www.rossstores.com, https://corp.rossstores.com/responsibility/
Mastercard, https://www.mastercard.com, https://www.mastercard.com/global/en/vision/corp-responsibility.html
Genuine Parts, https://www.genpt.com, https://www.genpt.com/sustainability
WestRock, https://www.westrock.com, https://www.westrock.com/sustainability
EOG Resources, https://www.eogresources.com, https://www.eogresources.com/sustainability/
Cognizant Technology Solutions, https://www.cognizant.com, https://www.cognizant.com/us/en/about-cognizant/esg
Moderna, https://www.modernatx.com, https://www.modernatx.com/responsibility/our-commitment
Steel Dynamics, https://www.steeldynamics.com, https://sustainability.steeldynamics.com/
HF Sinclair, https://www.hfsinclair.com, https://www.hfsinclair.com/sustainability/sustainability-report/default.aspx
Texas Instruments, https://www.ti.com, https://www.ti.com/about-ti/citizenship-community/overview/ESG.html
Emerson Electric, https://www.emerson.com, https://www.emerson.com/en-us/esg
WESCO International, https://www.wesco.com, https://www.wesco.com/us/en/our-company/environmental-social-and-governance.html
General Mills, https://www.generalmills.com, https://www.generalmills.com/how-we-make-it
Tenneco, https://www.tenneco.com, https://www.tenneco.com/sustainability
Waste Management, https://www.wm.com, https://sustainability.wm.com/esg-hub/governance/public-policy
Viatris, https://www.viatris.com, https://www.viatris.com/en/about-us/corporate-social-responsibility
DISH Network, https://www.dish.com, https://www.dish.com/dish-cares/
L3Harris Technologies, https://www.l3harris.com, https://www.l3harris.com/company/environmental-social-and-governance
DXC Technology, https://dxc.com/ ~~ https://www.dxc.technology, https://dxc.com/us/en/about-us/corporate-responsibility
Block, https://www.block.xyz, https://investors.block.xyz/governance/governance-documents/default.aspx
Goodyear Tire & Rubber, https://www.goodyear.com, https://corporate.goodyear.com/us/en/responsibility/esg.html
Uber Technologies, https://www.uber.com, https://www.uber.com/us/en/community/esg/
Colgate-Palmolive, https://www.colgatepalmolive.com, https://www.colgatepalmolive.com/en-us/sustainability
Stanley Black & Decker, https://www.stanleyblackanddecker.com, https://www.stanleyblackanddecker.com/impact
DuPont, https://www.dupont.com, https://www.dupont.com/about/sustainability.html
Stryker, https://www.stryker.com, https://www.stryker.com/us/en/about/corporate-responsibility/cr-hub.html
NextEra Energy, https://www.nexteraenergy.com, https://www.investor.nexteraenergy.com/sustainability/esg-resources
Targa Resources, https://www.targaresources.com, https://www.targaresources.com/sustainability
Western Digital, https://www.westerndigital.com, https://www.westerndigital.com/company/corporate-responsibility
PPG Industries, https://www.ppg.com, https://sustainability.ppg.com/
American Electric Power, https://www.aep.com, https://aepsustainability.com/performance/esg/
Gap, https://www.gapinc.com, https://www.gapinc.com/en-us/values/sustainability/esg-resources/
BJ's Wholesale Club, https://www.bjs.com, https://www.bjs.com/esg
Reinsurance Group of America, https://www.rgare.com, https://www.rgare.com/our-company/responsibility
Kinder Morgan, https://www.kindermorgan.com, https://www.kindermorgan.com/Safety-Environment/ESG
Oneok, https://www.oneok.com, https://www.oneok.com/sustainability
Expeditors Intl. of Washington, https://www.expeditors.com, https://www.expeditors.com/about-us/sustainability
Advanced Micro Devices, https://www.amd.com, https://www.amd.com/en/corporate/corporate-responsibility.html
Fiserv, https://www.fiserv.com, https://www.fiserv.com/en/about-fiserv/corporate-social-responsibility.html
Estee Lauder, https://www.elcompanies.com, https://www.elcompanies.com/en/our-commitments
Bank of New York Mellon, https://www.bnymellon.com, https://www.bnymellon.com/us/en/about-us/esg-and-responsible-investment.html
Laboratory Corp. of America, https://www.labcorp.com, https://www.labcorp.com/about/our-impact/esg
Regeneron Pharmaceuticals, https://www.regeneron.com, https://www.regeneron.com/responsibility
Land O'Lakes, https://www.landolakesinc.com, https://www.landolakesinc.com/Corporate-Responsibility
Cheniere Energy, https://www.cheniere.com, https://www.cheniere.com/our-responsibility
Southwest Airlines, https://www.southwest.com, https://www.southwest.com/citizenship/
Adobe, https://www.adobe.com, https://www.adobe.com/corporate-responsibility/sustainability.html
Synchrony Financial, https://www.synchrony.com/ ~~ https://www.synchronyfinancial.com, https://investors.synchrony.com/corporate-governance
Corteva, https://www.corteva.com, https://www.corteva.com/sustainability.html
Fidelity National Financial, https://www.fnf.com, https://www.fnf.com/sustainability
DTE Energy, https://www.dteenergy.com, https://empoweringmichigan.com/dte-impact/performance/?_ga=2.89031707.1864535749.1690572239-1825994016.1690572239&_gl=1*1aq149r*_ga*MTgyNTk5NDAxNi4xNjkwNTcyMjM5*_ga_J2R5W9DWE4*MTY5MDU3MjIzOS4xLjAuMTY5MDU3MjI0NS4wLjAuMA..
Murphy USA, https://www.murphyusa.com, https://ir.corporate.murphyusa.com/investor-relations/esg-summary/default.aspx
Halliburton, https://www.halliburton.com, https://www.halliburton.com/en/sustainability
Automatic Data Processing, https://www.adp.com, https://sustainability.adp.com/
Edison International, https://www.edisoninvestor.com, https://www.edison.com/sustainability/esg
BorgWarner, https://www.borgwarner.com, https://www.borgwarner.com/company/sustainability
Nordstrom, https://www.nordstrom.com, https://press.nordstrom.com/nordstrom-cares
Loews, https://www.loews.com, https://loews.com/Sustainability
Guardian Life Ins. Co. of America, https://www.guardianlife.com, https://www.guardianlife.com/social-responsibility
Pioneer Natural Resources, https://www.pxd.com, https://www.pxd.com/sustainability
AutoZone, https://www.autozone.com, https://about.autozone.com/about-autozone/esg
Lam Research, https://www.lamresearch.com, https://www.lamresearch.com/company/environmental-social-governance/
American Family Insurance Group, https://www.amfam.com/, https://www.amfam.com/about/corporate-responsibility
Illinois Tool Works, https://www.itw.com/, https://www.itw.com/sustainability/itw-sustainability/
Parker-Hannifin, https://www.parker.com/, https://investors.parker.com/corporate-governance/introduction
Otis Worldwide, https://www.otis.com/, https://www.otis.com/en/us/our-company/esg
Omnicom Group, https://www.omnicomgroup.com/, https://www.omnicomgroup.com/corporate-responsibility/
Principal Financial, https://www.principal.com/, https://www.principal.com/sustainability/
Dominion Energy, https://www.dominionenergy.com/, https://esg.dominionenergy.com/
Kellogg's, https://www.kelloggcompany.com/ ~~ https://www.kelloggs.com/, https://investor.kelloggs.com/environmental-social-governance/esg-homepage/default.aspx
Fluor, https://www.fluor.com/, https://www.fluor.com/sustainability
AECOM, https://aecom.com/, https://investors.aecom.com/esg
Reliance Steel & Aluminum, https://www.rsac.com/, https://www.rsac.com/environmental-social-and-governance/
Jacobs Engineering Group, https://www.jacobs.com/, https://invest.jacobs.com/governance/governance-documents-esg-data/default.aspx
Corning, https://www.corning.com/, https://www.corning.com/worldwide/en/sustainability.html
Farmers Insurance Exchange, https://www.farmers.com/, https://www.farmers.com/corporate-responsibility/
Qurate Retail, https://www.qurateretailgroup.com/, https://www.qurateretailgroup.com/lp/corporate-responsibility/
Pacific Life, https://www.pacificlife.com/, https://www.pacificlife.com/home/corporate-social-responsibility.html
PulteGroup, https://pultegroup.com/, https://pultegroupcares.com/sustainability/
Fidelity National Information Services, https://www.fisglobal.com/, https://www.fisglobal.com/en/global-sustainability
IQVIA Holdings, https://www.iqvia.com/, https://www.iqvia.com/about-us/esg
Marriott International, https://www.marriott.com, https://serve360.marriott.com/
Berry Global Group, https://www.berryglobal.com/, https://www.berryglobal.com/en/sustainability
Ball, https://www.ball.com/, https://www.ball.com/sustainability
Group 1 Automotive, https://www.group1corp.com/ ~~ https://www.group1auto.com/, https://www.group1corp.com/ESG
Leidos Holdings, https://www.leidos.com/, https://www.leidos.com/company/responsibility-and-sustainability/esg-goals
Wayfair, https://www.wayfair.com/, https://www.aboutwayfair.com/sustainability
Consolidated Edison, https://www.coned.com/, https://investor.conedison.com/environmental-social-and-governance-esg-resources
Ameriprise Financial, https://www.ameriprise.com/, https://www.ameriprise.com/about/responsible-business
Xcel Energy, http://www.xcelenergy.com/, https://my.xcelenergy.com/s/about/report/esg-library
O'Reilly Automotive, https://www.oreillyauto.com/, https://www.oreillyauto.com/about-oreilly
Global Partners, https://www.globalp.com/, https://www.globalp.com/about/csr/
Discover Financial Services, https://www.discover.com/, https://www.discover.com/company/esg/
Rocket Companies, https://www.rocketcompanies.com/, https://www.rocketcompanies.com/social-impact/
LKQ, https://www.lkqcorp.com/, https://www.lkqcorp.com/corporate-responsibility/
W.W. Grainger, https://www.grainger.com/, https://www.graingeresg.com/
Quanta Services, https://www.quantaservices.com/, https://www.quantaservices.com/sustainability
Crown Holdings, https://www.crowncork.com/, https://www.crowncork.com/sustainability
Fox, https://www.fox.com/, https://www.globalp.com/about/csr/
Sempra, https://www.sempra.com/, https://www.sempra.com/performance/esg
Markel, https://www.markel.com/, https://www.markel.com/about-us/company-responsibility
Carvana, https://www.carvana.com/, https://investors.carvana.com/corporate-governance/governance-documents
XPO Logistics, https://www.xpo.com/, https://sustainability.xpo.com/
Baxter International, https://www.baxter.com/, https://www.baxter.com/our-story/corporate-responsibility-0
Ecolab, http://www.ecolab.com, https://www.ecolab.com/corporate-responsibility
Tractor Supply, https://www.tractorsupply.com/, https://www.corporate.tractorsupply.com/Stewardship/default.aspx
Andersons, https://www.andersonsinc.com/, https://www.andersonsinc.com/sustainability/
Keurig Dr Pepper, https://www.keurigdrpepper.com/, https://www.keurigdrpepper.com/en/our-company/corporate-responsibility
Universal Health Services, https://uhs.com/, https://uhs.com/about-universal-health-services/environmental-social-and-governance/
CSX, http://csx.com/, https://www.csx.com/ESG
Henry Schein, https://www.henryschein.com/, https://www.henryschein.com/us-en/corporate/esg-communications.aspx
Sonic Automotive, https://www.sonicautomotive.com/, https://ir.sonicautomotive.com/corporate-responsibility
eBay, https://www.ebay.com/, https://investors.ebayinc.com/esg-investors/default.aspx
Textron, https://www.textron.com/, https://www.textron.com/CorpResponsibility/corporate-responsibility-report
Jones Financial (Edward Jones), https://www.edwardjones.com/, https://www.edwardjones.com/us-en/why-edward-jones/about-us/corporate-citizenship/purpose-in-action
Community Health Systems, https://www.chs.net/, https://www.chs.net/company-overview/sustainability/
Mosaic, https://mosaicco.com/, https://mosaicco.com/Our-Responsibility
Thor Industries, https://www.thorindustries.com/, https://www.thorindustries.com/sustainability
Dick's Sporting Goods, https://www.dickssportinggoods.com/, https://investors.dicks.com/esg/default.aspx
Newmont, https://www.newmont.com/, https://www.newmont.com/sustainability/default.aspx
Devon Energy, https://www.devonenergy.com/, https://www.devonenergy.com/sustainability
Warner Bros. Discovery, https://wbd.com/, https://wbd.com/esg/
J.B. Hunt Transport Services, https://www.jbhunt.com/, https://www.jbhunt.com/our-company/corporate-responsibility
Alcoa, https://www.alcoa.com/, https://www.alcoa.com/sustainability/
Peter Kiewit Sons', https://www.kiewit.com/, https://www.kiewit.com/sustainability/
Aramark, https://www.aramark.com/, https://www.aramark.com/environmental-social-governance
Vistra, https://vistracorp.com/, https://vistracorp.com/corporate-governance/
State Street, https://www.statestreet.com/, https://www.statestreet.com/us/en/asset-manager/about/our-impact/esg-report
Unum Group, https://www.unum.com/, https://www.unumgroup.com/esg
Alleghany, https://www.alleghany.com/, No Link Found
Boston Scientific, https://www.bostonscientific.com/, https://investors.bostonscientific.com/environmental-social-governance
Westlake, https://www.westlake.com/, https://westlake.com/environmental-sustainability-and-governance
Entergy, https://www.entergy.com/, https://www.entergy.com/sustainability/
International Flavors & Fragrances, https://www.iff.com/, http://lmrnaturals.iff.com/en/our-purpose/sustainability
DaVita, https://www.davita.com/, https://www.davitacommunitycare.com/esg-reporting-hub
Mutual of Omaha Insurance, https://www.mutualofomaha.com/, https://www.mutualofomaha.com/about/environmental-social-governance
Assurant, https://www.assurant.com/, https://www.assurant.com/about-us/sustainability
Liberty Media, https://www.libertymedia.com/, https://www.libertymedia.com/esg
Hormel Foods, https://www.hormelfoods.com/, https://csr.hormelfoods.com/
Icahn Enterprises, https://www.ielp.com/, https://www.ielp.com/corporate-governance
Republic Services, https://www.republicservices.com/, https://www.republicservices.com/organizational-sustainability
Mohawk Industries, https://mohawkind.com/, https://mohawkind.com/corporate-sustainability/
Conagra Brands, https://www.conagrabrands.com/, https://www.conagrabrands.com/our-company/corporate-social-responsibility
Norfolk Southern, http://www.nscorp.com/, http://www.nscorp.com/content/nscorp/en/about-ns/sustainability.html
AES, https://www.aes.com/, https://www.aes.com/sustainability
AGCO, https://www.agcocorp.com/, https://www.agcocorp.com/commitment/sustainability.html
Caesars Entertainment, https://www.caesars.com/, https://www.caesars.com/corporate-social-responsibility
Equitable Holdings, https://equitable.com/, https://equitable.com/about-us/esg-at-equitable
Advance Auto Parts, advanceautoparts.com ~~ https://shop.advanceautoparts.com/, https://esg.advanceauto.us/Home/default.aspx
Biogen, https://www.biogen.com/, https://www.biogen.com/responsibility.html
Auto-Owners Insurance, http://auto-owners.com/, https://www.auto-owners.com/about/giving-back
Booking Holdings, https://www.bookingholdings.com/, https://www.bookingholdings.com/sustainability/
Amphenol, https://www.amphenol.com/, https://www.amphenol.com/sustainability
Quest Diagnostics, http://www.questdiagnostics.com/, https://www.questdiagnostics.com/our-company/corporate-responsibility/
FirstEnergy, https://www.firstenergycorp.com/, https://firstenergycorp.com/investor/corporate_governance/responsibility.html
DCP Midstream, https://www.dcpmidstream.com/, https://www.dcpmidstream.com/sustainability
Ally Financial, https://www.ally.com/, https://www.ally.com/about/social-impact/
Delek US Holdings, https://www.delekus.com/, https://www.delekus.com/social-commitment/
Williams, https://www.williams.com/, https://www.williams.com/sustainability/
Newell Brands, https://www.newellbrands.com/, https://www.newellbrands.com/corporate-citizenship/
Eastman Chemical, https://www.eastman.com/, https://investors.eastman.com/Environmental-Social-Governance/default.aspx
Air Products & Chemicals, https://www.airproducts.com/, https://www.airproducts.com/company/sustainability
Thrivent Financial for Lutherans, https://www.thrivent.com/, https://www.thrivent.com/governance
Molson Coors Beverage, https://www.molsoncoors.com/, https://www.molsoncoors.com/sustainability/sustainability-overview
Interpublic Group, https://www.interpublic.com/, https://www.interpublic.com/esg-reports/
Weyerhaeuser, https://www.weyerhaeuser.com/, https://www.weyerhaeuser.com/sustainability/
Altice USA, https://www.alticeusa.com/, https://www.alticeusa.com/impact
Raymond James Financial, https://www.raymondjames.com/, https://www.raymondjames.com/about-us/corporate-responsibility/
EMCOR Group, https://www.emcorgroup.com/, https://www.emcorgroup.com/sustainability-efforts
Eversource Energy, https://www.eversource.com/content/residential, https://www.eversource.com/content/residential/about/sustainability
Yum China Holdings, https://www.yum.com/ ~~ https://ir.yumchina.com/, http://www.yumchina.com/respIndex
Asbury Automotive Group, https://www.asburyauto.com/, https://socialresponsibility.asburyauto.com/
Owens & Minor, https://www.owens-minor.com/, https://investors.owens-minor.com/esg/
Public Service Enterprise Group, https://pseg.com ~~ https://corporate.pseg.com/, https://corporate.pseg.com/esg
United Rentals, https://www.unitedrentals.com/, https://www.unitedrentals.com/our-company/about-us/sustainability
MGM Resorts International, https://www.mgmresorts.com/en.html, https://www.mgmresorts.com/en/company/esg.html
Ryder System, https://www.ryder.com/, https://investors.ryder.com/sustainability/default.aspx
Intuit, https://www.intuit.com/, https://www.intuit.com/company/corporate-responsibility/
Cincinnati Financial, https://www.cinfin.com/, https://cincinnatifinancialcorporation.gcs-web.com/sustainability
Erie Insurance Group, https://www.erieinsurance.com/, https://www.erieinsurance.com/blog/social-responsibility
Univar Solutions, https://www.univarsolutions.com/, https://www.univarsolutions.com/sustainability
Huntington Ingalls Industries, https://hii.com/, https://hii.com/who-we-are/sustainability/
W.R. Berkley, https://www.berkley.com/, No Link Found
Western & Southern Financial Group, https://www.westernsouthern.com/, https://www.westernsouthern.com/about/corporate-responsibility/
Insight Enterprises, https://www.insight.com/, https://www.insight.com/en_US/about/outreach-and-partnerships.html
News Corp., https://newscorp.com/, https://newscorp.com/news-corp-esg-report/
American Tower, https://americantower.com/, https://www.americantower.com/sustainability/index.html
Old Republic International, https://www.oldrepublic.com/, https://ir.oldrepublic.com/governance/governance-documents/default.aspx
Burlington Stores, https://www.burlington.com/, https://www.burlingtoninvestors.com/corporate-social-responsibility/
Avis Budget Group, https://avisbudgetgroup.com/, https://avisbudgetgroup.com/csr/
ODP, https://www.officedepot.com, https://www.theodpcorp.com/corporate-sustainability?cm_sp=FooterLink-_-corporate-sustainabilty
VF Corp., https://www.vfc.com, https://www.vfc.com/responsibility
Bed Bath & Beyond, https://www.bedbathandbeyond.com, https://www.bedbathandbeyond.com/esg
Seaboard, https://www.seaboardcorp.com, No Link Found
First American Financial, https://www.firstam.com, https://www.firstam.com/sustainability/index.html
Intercontinental Exchange, https://www.ice.com, https://www.ice.com/about/corporate-responsibility
PVH, https://www.pvh.com, https://pvh.com/responsibility
Apollo Global Management, https://www.apollo.com, https://www.apollo.com/esg-corporate-social-responsibility
Jefferies Financial Group, https://www.jefferies.com, https://www.jefferies.com/ESG/ESG/ESG/2796
Hershey, https://www.thehersheycompany.com, https://investors.thehersheycompany.com/en_us/home/environmental-social-and-governance.html
NVR, https://www.nvrinc.com, https://nvri.gcs-web.com/corporate-governance/highlights
Foot Locker, https://www.footlocker.com/, https://investors.footlocker-inc.com/impactreport
Dana, https://www.dana.com, https://www.danainvestment.com/our-responsibilities/
SpartanNash, https://www.spartannash.com, https://www.spartannash.com/corp-responsibility/
Olin, https://www.olin.com, https://olin.com/corporate-responsibility/
Chewy, https://www.chewy.com, https://investor.chewy.com/governance/documents/default.aspx
Jackson Financial, https://www.jackson.com, https://www.jackson.com/the-jackson-difference/environmental-social-governance.html
Activision Blizzard, https://www.activisionblizzard.com, https://ourcommitments.activisionblizzard.com/esgreports
Toll Brothers, https://www.tollbrothers.com, https://www.tollbrothers.com/esg
Carlyle Group, https://www.carlyle.com, https://www.carlyle.com/esg
Graybar Electric, https://www.graybar.com, https://www.graybar.com/about-us
Ovintiv, https://www.ovintiv.com, https://sustainability.ovintiv.com/
UFP Industries, https://www.ufpi.com, https://www.ufpi.com/sustainability
Ulta Beauty, https://www.ulta.com, https://www.ulta.com/investor/esg
Constellation Brands, https://www.cbrands.com, https://www.cbrands.com/pages/responsibility
Expedia Group, https://www.expedia.com/ ~~ https://www.expediagroup.com, https://www.expediagroup.com/who-we-are/Impact--Sustainability/default.aspx
CommScope Holding, https://www.commscope.com, https://www.commscope.com/Corporate-Responsibility-and-Sustainability
Celanese, https://www.celanese.com, https://sustainability.celanese.com/
Global Payments, https://www.globalpayments.com, https://investors.globalpayments.com/esg
Owens Corning, https://www.owenscorning.com, https://www.owenscorning.com/en-us/corporate/sustainability
Campbell Soup, https://www.campbells.com/ ~~ https://www.campbellsoupcompany.com, https://www.campbellsoupcompany.com/our-impact/
Huntsman, https://www.huntsman.com, https://www.huntsman.com/sustainability
Franklin Resources, https://www.franklinresources.com, https://www.franklinresources.com/about-us/citizenship
Avery Dennison, https://www.averydennison.com, https://esg.averydennison.com/en/home.html
Masco, https://www.masco.com, https://masco.com/sustainability/
CenterPoint Energy, https://www.centerpointenergy.com, https://sustainability.centerpointenergy.com/
Fifth Third Bancorp, https://www.53.com, https://ir.53.com/esg/overview/default.aspx
WEC Energy Group, https://www.wecenergygroup.com, http://www.wecenergygroup.com/csr/index.htm
S&P Global, https://www.spglobal.com, https://www.spglobal.com/en/who-we-are/corporate-responsibility/
FM Global, https://www.fmglobal.com, https://www.fmglobal.com/about-us/our-business/corporate-responsibility
Polaris, https://www.polaris.com, https://www.polaris.com/en-us/corporate-responsibility/
Williams-Sonoma, https://www.williams-sonomainc.com, https://sustainability.williams-sonomainc.com/
Autoliv, https://www.autoliv.com, https://www.autoliv.com/sustainability
Arthur J. Gallagher, https://www.ajg.com, https://investor.ajg.com/esg/default.aspx
Motorola Solutions, https://www.motorolasolutions.com, https://www.motorolasolutions.com/en_us/about/environmental-social-corporate-governance-esg.html
Zillow Group, https://zillow.com ~~ https://www.zillowgroup.com, https://www.zillowgroup.com/sustainability/
Opendoor Technologies, https://www.opendoor.com, https://investor.opendoor.com/corporate-governance/documents-charters
J.M. Smucker, https://www.jmsmucker.com, https://www.jmsmucker.com/our-impact
Anywhere Real Estate, https://www.realogy.com, https://www.anywhere.re/commitments
Oshkosh, https://www.oshkoshcorp.com, https://www.oshkoshcorp.com/impact
MasTec, https://www.mastec.com, https://www.mastec.com/sustainability/
GXO Logistics, https://www.gxo.com, https://gxo.com/esg/
APA, https://www.apacorp.com, https://apacorp.com/sustainability/
Boise Cascade, https://www.bc.com, https://www.bc.com/sustainability/
Dover, https://www.dovercorporation.com, https://www.dovercorporation.com/sustainability/overview
Genworth Financial, https://www.genworth.com, https://investor.genworth.com/esg
Bath & Body Works, https://www.bbwinc.com, https://www.bbwinc.com/about-us/esg/
Booz Allen Hamilton Holding, https://www.boozallen.com, https://www.boozallen.com/about/environmental-social-governance-report.html
Coinbase Global, https://www.coinbase.com, https://investor.coinbase.com/governance/governance-documents/default.aspx
Zimmer Biomet Holdings, https://www.zimmerbiomet.com, https://www.zimmerbiomet.com/en/about-us/our-impact.html
Westinghouse Air Brake Technologies, https://www.wabteccorp.com, https://www.wabteccorp.com/sustainability
Zoetis, https://www.zoetis.com, https://www.zoetis.com/our-company/corporate-sustainability/our-journey-toward-a-better-world
Packaging Corp. of America, https://www.packagingcorp.com, https://www.packagingcorp.com/sustainability/
LPL Financial Holdings, https://www.lpl.com, https://www.lpl.com/about-Us/social-responsibility/lpl-financial-corporate-sustainability-report.html
T. Rowe Price, https://www.troweprice.com, https://www.troweprice.com/corporate/us/en/what-we-do/esg-approach.html
Fortune Brands Home & Security, https://www.fbhs.com, https://www.fbin.com/corporate-responsibility/
Casey's General Stores, https://www.caseys.com, https://investor.caseys.com/sustainability/default.aspx
A-Mark Precious Metals, https://www.amark.com, https://www.amark.com/esg/
Hess, https://www.hess.com, https://www.hess.com/sustainability
Vertex Pharmaceuticals, https://www.vrtx.com, https://www.vrtx.com/responsibility/
KeyCorp, https://www.key.com, https://www.key.com/about/corporate-responsibility/cr-overview.html
Chipotle, https://www.chipotle.com, https://www.chipotle.com/about-us/sustainability
CMS Energy, https://www.cmsenergy.com, https://www.cmsenergy.com/sustainability/default.aspx
Arconic, https://www.arconic.com, https://www.arconic.com/esg/
Taylor Morrison Home, https://www.taylormorrison.com, https://investors.taylormorrison.com/esg/default.aspx
American Financial Group, https://www.afginc.com, https://www.afginc.com/about-us/corporate-social-responsibility
UGI, https://www.ugicorp.com, https://ugiesg.com/
Science Applications International, https://www.saic.com, https://www.saic.com/who-we-are/about-saic/corporate-responsibility
Avantor, https://www.avantorsciences.com, https://www.avantorsciences.com/pages/en/sustainability
Hanesbrands, https://www.hanes.com, https://hbisustains.com/
Clorox, https://www.thecloroxcompany.com, https://www.thecloroxcompany.com/responsibility/
KBR, https://www.kbr.com, https://www.kbr.com/en/who-we-are/zero-harm
TravelCenters of America, https://www.ta-petro.com, https://www.bp.com/en/global/corporate/investors/esg.html
Hertz Global Holdings, https://www.hertz.com, https://www.hertz.com/rentacar/misc/index.jsp?targetPage=Hertz_Sustainability.jsp
Analog Devices, https://www.analog.com, https://www.analog.com/en/company/environment-social-governance.html
Securian Financial Group, https://www.securian.com, https://www.securian.com/about-us/sustainability.html
Darden Restaurants, https://www.darden.com, https://www.darden.com/our-impact
NCR, https://www.ncr.com, https://www.ncr.com/about/esg
Graphic Packaging Holding, https://www.graphicpkg.com, https://investors.graphicpkg.com/esg/default.aspx
Brighthouse Financial, https://www.brighthousefinancial.com, https://www.brighthousefinancial.com/about-us/corporate-responsibility/
PPL, https://www.pplweb.com, https://www.pplweb.com/sustainability/
Cintas, https://www.cintas.com, https://www.cintas.com/company/esg/
Xerox Holdings, https://www.xerox.com, https://www.xerox.com/en-us/about/corporate-social-responsibility
Rockwell Automation, https://www.rockwellautomation.com, https://www.rockwellautomation.com/en-us/company/about-us/sustainability.html
Citizens Financial Group, https://www.citizensbank.com, https://www.citizensbank.com/community/corporate-responsibility.aspx
KLA, https://www.kla.com, https://www.kla.com/company/environmental-social-governance
Camping World Holdings, https://www.campingworld.com, https://investor.campingworld.com/governance/default.aspx
Ingredion, https://www.ingredion.com, https://www.ingredion.com/na/en-us/company/meet-ingredion/sustainability.html
Veritiv, https://www.veritivcorp.com, https://www.veritiv.com/sustainability
Beacon Roofing Supply, https://www.becn.com, https://www.becn.com/2022-csr-report
Diamondback Energy, https://www.diamondbackenergy.com, https://www.diamondbackenergy.com/about/sustainability
Victoria's Secret, https://www.victoriassecretandco.com, https://victoriassecret.gcs-web.com/corporate-responsibility/overview
Academy Sports and Outdoors, https://www.academy.com, http://corporate.academy.com/esg/index.html
Sanmina, https://www.sanmina.com, https://www.sanmina.com/social-responsibility/
ON Semiconductor, https://www.onsemi.com, https://www.onsemi.com/company/environmental-social-and-governance
Commercial Metals, https://www.cmc.com, https://esg.cmc.com/
EnLink Midstream, https://www.enlink.com, https://www.enlink.com/sustainability/
Southwestern Energy, https://www.swn.com, https://swncrreport.com/
Equinix, https://www.equinix.com, https://investor.equinix.com/esg
Dillard's, https://www.dillards.com, https://investor.dillards.com/corporate-governance/governance-documents/default.aspx
Regions Financial, https://www.regions.com, https://www.regions.com/about-regions/environmental-social-and-governance
Yum Brands, https://www.yum.com, https://www.yum.com/wps/portal/yumbrands/Yumbrands/citizenship-and-sustainability
Landstar System, https://www.landstar.com, https://www.landstar.com/corporate-information/corporate-responsibility/
CF Industries Holdings, https://www.cfindustries.com, https://www.cfindustries.com/sustainability
Northern Trust, https://www.northerntrust.com, https://www.northerntrust.com/united-states/about-us/corporate-social-responsibility
Robert Half International, https://www.roberthalf.com, https://www.roberthalf.com/us/en/about/corporate-responsibility
Compass, https://www.compass.com, https://www.compass-group.com/en/sustainability.html
Hasbro, https://www.hasbro.com, https://csr.hasbro.com/en-us
Roper Technologies, https://www.ropertech.com, https://www.ropertech.com/governance/
ARKO, https://www.arkocorp.com, https://www.arkocorp.com/company-information/responsibility
Frontier Communications, https://www.frontier.com, https://newsroom.frontier.com/responsibility/
Ameren, https://www.ameren.com, https://www.ameren.com/sustainability
O-I Glass, https://www.o-i.com, https://www.o-i.com/sustainability/
